-1.0493091023762806,0.0,0.06300000000000003
-1.0493091023762806,0.0,0.10800000000000007
-0.723809607290153,0.0,0.07300000000000004
0.04824765573140831,0.0,0.10200000000000006
2.4946848126465753,0.0,0.07800000000000001
3.5254969621848997,0.0,0.23400000000000015
4.231164786473937,0.0,0.35000000000000026
5.61446933869828,0.0,0.15600000000000008
5.61446933869828,0.0,0.34500000000000025
5.642473114295332,0.0,0.4940000000000004
7.731199603998591,0.0,0.5390000000000004
7.731199603998591,0.0,0.5050000000000003
7.759421945649084,0.0,0.6610000000000005
8.800424737429067,0.0,0.6260000000000004
8.800424737429067,0.0,0.4320000000000003
8.80700903978896,0.0,0.6180000000000004
8.778704735868427,0.0,0.6740000000000005
9.887107834378096,0.0,0.5700000000000004
12.317425744852033,0.0,0.5660000000000004
15.129551229929683,0.0,0.31200000000000017
15.129551229929683,0.0,0.5280000000000004
15.100536586335469,0.0,0.4940000000000003
15.168756515765557,0.0,0.4600000000000003
17.570032461888598,0.0,0.2360000000000001
19.333997116936093,0.0,0.6120000000000004
19.363476213393866,0.0,0.5770000000000004
27.744091004242833,0.0,0.5030000000000003
32.72340819220885,0.0,0.4690000000000003
37.59281397605102,0.0,0.39500000000000024
40.768250883459984,0.0,0.41100000000000025
41.08183852863361,0.0,0.3600000000000002
43.230889249086424,0.0,0.3360000000000002
43.19171128400723,0.0,0.4450000000000003
44.96294326033162,0.0,0.5310000000000004
56.59489202064673,0.0,0.3360000000000002
57.267064597246026,0.0,0.06099999999999994
57.96726827019906,0.0,0.2270000000000001
59.73710688793276,0.0,0.2560000000000001
157.35757899752193,0.0,-0.10100000000000003
156.9994790095273,0.0,-0.25300000000000017
156.6571704188938,0.0,-0.19400000000000012
156.6571704188938,0.0,-0.33600000000000024
156.2938999776975,0.0,-0.23700000000000015
155.9462774998897,0.0,-0.2690000000000002
155.9462774998897,0.0,-0.33100000000000024
155.59345383302892,0.0,-0.3930000000000003
155.2355382601419,0.0,-0.38500000000000023
151.39407936148126,0.0,-1.0770000000000008
149.98292812801077,0.0,-0.9789999999999996
149.98292812801077,0.0,-1.050999999999993
147.51766013955387,0.0,-0.9519999999999929
143.63275440758275,0.0,-0.8939999999999793
139.08903936412347,0.0,-0.8659999999999703
138.0273513444421,0.0,-0.6069999999999701
135.91360757935638,0.0,-1.0289999999999686
133.09367177296284,0.0,-0.8499999999999683
132.7773776653306,0.0,-0.9019999999999684
132.7773776653306,0.0,-1.0539999999999685
129.24686483618206,0.0,-0.9389999999999683
122.58615827268669,0.0,-0.8109999999999551
119.76202189995358,0.0,-0.8629999999999451
113.80375760391173,0.0,-0.7479999999999449
112.74470774479728,0.0,-0.768999999999945
110.98057831143606,0.0,-0.789999999999945
105.7273933622699,0.0,-0.5309999999999447
105.7273933622699,0.0,-0.7069999999999449
104.00249738927488,0.0,-0.782999999999945
97.9663860121678,0.0,-0.7479999999999449
98.00444382622312,0.0,-0.9199999999999451
86.40038955847834,0.0,-0.5009999999999447
83.22219325464468,0.0,-0.5069999999999447
82.16933325446556,0.0,-0.32899999999994456
81.81364432324797,0.0,-0.5509999999999448
79.38308052596392,0.0,-0.2919999999999445
79.41908928326822,0.0,-0.5839999999999448
74.48272032480325,0.0,-0.24499999999994448
75.5019757942659,0.0,-0.20999999999994445
74.48272032480325,0.0,-0.3719999999999446
74.48643594771174,0.0,-0.3539999999999446
74.44723066187586,0.0,-0.18599999999994443
75.1883608283356,0.0,-0.19799999999994444
70.6098937823793,0.0,-0.17999999999994443
70.6098937823793,0.0,-0.2619999999999445
69.58659484092799,0.0,-0.30699999999994454
69.19888598288138,0.0,-0.11199999999994437
69.23380190991848,0.0,-0.04399999999994432
68.52387204758736,0.0,-0.33599999999994457
67.07789367953899,0.0,-0.31799999999994455
63.97146900350382,0.0,-0.1399999999999444
63.97633209819287,0.0,-0.30499999999994454
59.036766611196335,0.0,0.03400000000005568
59.036766611196335,0.0,-0.09099999999994435
-2.053346910368155,9.107132621353113,0.11500000000000005
-1.7396773029244894,9.107132621353113,0.02600000000000009
-1.7396773029244894,9.107132621353113,0.13500000000000018
-1.3868297304016308,9.107132621353113,0.02000000000000011
-1.0458940077912744,9.107132621353113,0.19600000000000026
-0.3555804487564256,9.107132621353113,0.0010000000000001431
-0.3555804487564256,9.107132621353113,0.14700000000000024
0.389292661368485,9.107132621353113,0.19200000000000028
2.4785655662053454,9.107132621353113,0.23700000000000032
2.8475323851694343,9.107132621353113,0.042000000000000176
3.5532821717285117,9.107132621353113,0.3480000000000004
3.8897099694866597,9.107132621353113,0.3130000000000004
4.242530221252839,9.107132621353113,0.2190000000000003
4.214663049439187,9.107132621353113,0.4150000000000005
4.556117866426463,9.107132621353113,0.2200000000000003
3.9061297442513703,9.107132621353113,0.19600000000000029
4.583985038240116,9.107132621353113,0.23200000000000032
5.603267828459459,9.107132621353113,0.27800000000000036
5.25044757669328,9.107132621353113,0.2030000000000003
5.61446933869828,9.107132621353113,0.3490000000000004
5.61446933869828,9.107132621353113,0.27400000000000035
6.376199355694782,9.107132621353113,0.17000000000000026
7.053754121360047,9.107132621353113,0.23600000000000032
7.042716535661306,9.107132621353113,0.26500000000000035
7.09295940719592,9.107132621353113,0.3340000000000004
8.112242197415263,9.107132621353113,0.6400000000000007
9.142344007279906,9.107132621353113,0.6160000000000007
9.142344007279906,9.107132621353113,0.7250000000000008
9.170730273470479,9.107132621353113,0.7310000000000008
11.27707865123237,9.107132621353113,0.7270000000000008
11.259074272580218,9.107132621353113,0.8830000000000009
20.02991143109035,9.107132621353113,0.7790000000000008
30.566980867452422,9.107132621353113,0.6240000000000007
30.566980867452422,9.107132621353113,0.5200000000000006
30.59771671871748,9.107132621353113,0.6290000000000007
38.29080466771296,9.107132621353113,0.48500000000000054
38.32236014167842,9.107132621353113,0.6110000000000007
41.1063725681323,9.107132621353113,0.2170000000000003
41.11372185167923,9.107132621353113,0.19300000000000028
41.099023284585364,9.107132621353113,0.4390000000000005
41.14557785396817,9.107132621353113,0.47500000000000053
43.9366390356455,9.107132621353113,0.3410000000000004
43.9688228870146,9.107132621353113,0.5470000000000006
47.1057375275047,9.107132621353113,0.39300000000000046
47.079892091685366,9.107132621353113,0.38900000000000046
48.87672361701896,9.107132621353113,0.25800000000000034
50.28819586938044,9.107132621353113,0.39400000000000046
54.7970223065593,9.107132621353113,0.38000000000000045
60.761717225704714,9.107132621353113,0.16900000000000026
60.800922511540584,9.107132621353113,0.2150000000000003
61.49631773131792,9.107132621353113,0.28100000000000036
61.50145403357377,9.107132621353113,0.24700000000000033
61.46735772923707,9.107132621353113,0.23300000000000032
60.761717225704714,9.107132621353113,0.17900000000000027
62.907926587462796,9.107132621353113,0.19500000000000028
64.28513861094748,9.107132621353113,0.061000000000000165
64.28513861094748,9.107132621353113,0.18700000000000028
65.3484351401784,9.107132621353113,0.24300000000000033
66.0886637216677,9.107132621353113,0.12800000000000022
66.72510074852948,9.107132621353113,0.18400000000000027
67.11256371976597,9.107132621353113,0.13300000000000023
67.4609306881933,9.107132621353113,0.08900000000000019
67.49565536993364,9.107132621353113,0.27800000000000036
70.91525787979222,9.107132621353113,0.08300000000000018
157.71040949457185,9.085704183492668,-0.1650000000000001
157.35226852544224,9.085704183492668,-0.24700000000000016
157.01530797292884,9.085704183492668,-0.2690000000000002
157.00475533066114,9.085704183492668,-0.3940000000000003
156.2938999776975,9.085704183492668,-0.5360000000000004
155.5883311911514,9.085704183492668,-0.4770000000000003
155.60369911678396,9.085704183492668,-0.5930000000000004
155.24570841181608,9.085704183492668,-0.5550000000000004
155.240623335979,9.085704183492668,-0.5770000000000004
154.88779966911824,9.085704183492668,-0.7890000000000006
154.53998253091908,9.085704183492668,-0.9409999999999996
151.72177134729097,9.085704183492668,-0.922999999999994
146.46744000748896,9.085704183492668,-0.9589999999999805
137.6809104893607,9.085704183492668,-0.8809999999999596
137.67773786649124,9.085704183492668,-0.8829999999999596
137.32804242627034,9.085704183492668,-0.7349999999999595
137.32177914280146,9.085704183492668,-0.8369999999999596
134.15505414167885,9.085704183492668,-0.8189999999999544
134.1494789997688,9.085704183492668,-0.8109999999999544
131.37104513031954,9.085704183492668,-0.8929999999999501
129.9594328590801,9.085704183492668,-0.8739999999999499
128.89850811303847,9.085704183492668,-0.8549999999999499
125.72085993188571,9.085704183492668,-0.8569999999999405
123.99593322303942,9.085704183492668,-0.9419999999999404
122.23031395466549,9.085704183492668,-0.8669999999999403
119.41037900204557,9.085704183492668,-0.7989999999999373
113.09802873480699,9.085704183492668,-0.7209999999999341
111.68657163692772,9.085704183492668,-0.7419999999999342
109.9223995148842,9.085704183492668,-0.7629999999999342
107.88354747945952,9.085704183492668,-0.6639999999999341
106.08048682160288,9.085704183492668,-0.588999999999934
106.08024093479276,9.085704183492668,-0.6549999999999341
106.08048682160288,9.085704183492668,-0.7159999999999341
103.61044453091614,9.085704183492668,-0.616999999999934
101.21826639676756,9.085704183492668,-0.6429999999999341
101.18067303557581,9.085704183492668,-0.7679999999999342
98.00444382622312,9.085704183492668,-0.588999999999934
96.98264752638921,9.085704183492668,-0.604999999999934
96.98390428119649,9.085704183492668,-0.6669999999999341
94.12333909452511,9.085704183492668,-0.6829999999999341
90.98710747295202,9.085704183492668,-0.48799999999993393
90.98522234074109,9.085704183492668,-0.612999999999934
88.55435801513356,9.085704183492668,-0.3539999999999338
88.51733838983209,9.085704183492668,-0.4789999999999339
86.08431572444682,9.085704183492668,-0.4309999999999339
85.0257183653649,9.085704183492668,-0.37299999999993383
83.26139854048056,9.085704183492668,-0.3549999999999338
83.26139854048056,9.085704183492668,-0.29699999999993376
78.71336681746583,9.085704183492668,-0.3689999999999338
78.35721343338469,9.085704183492668,-0.4299999999999339
75.89047695425623,9.085704183492668,-0.3309999999999338
75.14915554249973,9.085704183492668,-0.40299999999993386
72.71468487701043,9.085704183492668,-0.14399999999993363
72.71468487701043,9.085704183492668,-0.16599999999993365
72.71468487701043,9.085704183492668,-0.1079999999999336
72.71856442445899,9.085704183492668,-0.15299999999993363
72.67935913862313,9.085704183492668,-0.15499999999993364
71.65608751792848,9.085704183492668,-0.2269999999999337
71.30728341739427,9.085704183492668,-0.24899999999993372
70.95856127913011,9.085704183492668,-0.15099999999993363
68.51952804727523,9.085704183492668,-0.26299999999993373
66.40692321623361,9.085704183492668,-0.003999999999933553
66.3631280432755,9.085704183492668,-0.02599999999993358
66.04945843583182,9.085704183492668,-0.07799999999993362
65.33900947912377,9.085704183492668,-0.12999999999993367
65.02533987168012,9.085704183492668,-0.19099999999993372
1.396882167728766,15.45005011956163,0.003000000000000027
2.1533939201993784,15.45005011956163,-0.12800000000000006
2.4715714524952523,15.45005011956163,0.14800000000000016
2.4946848126465753,15.45005011956163,0.12400000000000014
2.483128132570914,15.45005011956163,0.17000000000000018
3.1726767104187212,15.45005011956163,0.24600000000000022
3.536944359233841,15.45005011956163,0.13200000000000012
2.831358497214844,15.45005011956163,-0.06299999999999994
5.25044757669328,15.45005011956163,0.5630000000000005
6.336994069858909,15.45005011956163,0.5280000000000005
6.365052486969321,15.45005011956163,0.5040000000000004
6.35393293900054,15.45005011956163,0.4690000000000004
6.336994069858909,15.45005011956163,0.5750000000000005
7.031651629205886,15.45005011956163,0.49100000000000044
7.059819329343018,15.45005011956163,0.6000000000000005
8.06210860890737,15.45005011956163,0.7360000000000007
8.06210860890737,15.45005011956163,0.7010000000000006
8.044787249172217,15.45005011956163,0.4260000000000004
8.07303691157939,15.45005011956163,0.4320000000000004
8.101313894743242,15.45005011956163,0.6480000000000006
9.149092234179879,15.45005011956163,0.6140000000000005
9.170730273470479,15.45005011956163,0.6590000000000006
11.237873365396498,15.45005011956163,0.7450000000000007
11.266478197640511,15.45005011956163,0.7210000000000006
11.266478197640511,15.45005011956163,0.5260000000000005
11.237873365396498,15.45005011956163,0.5320000000000005
11.27707865123237,15.45005011956163,0.6410000000000006
13.36542265034211,15.45005011956163,0.7070000000000006
13.36542265034211,15.45005011956163,0.8630000000000008
13.336599252044655,15.45005011956163,0.9080000000000008
17.2172395308791,15.45005011956163,0.7440000000000007
23.910988842031678,15.45005011956163,0.7730000000000006
28.136171183358243,15.45005011956163,0.6690000000000005
30.244814504681262,15.45005011956163,0.7050000000000005
36.220710934065494,15.45005011956163,0.6210000000000004
36.17360994954909,15.45005011956163,0.7970000000000006
45.3480839672503,15.45005011956163,0.4420000000000003
48.517346383649574,15.45005011956163,0.4580000000000003
51.307560621869825,15.45005011956163,0.6040000000000004
55.17746384332901,15.45005011956163,0.40900000000000025
55.18328316450186,15.45005011956163,0.5350000000000004
58.99756132536046,15.45005011956163,0.3800000000000002
59.070589707966235,15.45005011956163,0.3450000000000002
61.82017798100325,15.45005011956163,0.4410000000000003
68.48032276143937,15.45005011956163,0.2460000000000001
69.54738955509211,15.45005011956163,0.21200000000000008
69.57386336831509,15.45005011956163,0.18800000000000006
72.04021735685001,15.45005011956163,0.2540000000000001
73.42040734281282,15.45005011956163,0.30000000000000016
157.70505462626255,15.45005011956163,-0.10300000000000004
157.35757899752193,15.45005011956163,-0.19700000000000012
157.00475533066114,15.45005011956163,-0.09800000000000003
157.0100282367004,15.45005011956163,-0.06
155.59857647490645,15.45005011956163,-0.3720000000000002
155.59345383302892,15.45005011956163,-0.2640000000000001
154.88779966911824,15.45005011956163,-0.7560000000000006
154.53497258716288,15.45005011956163,-0.9480000000000007
153.82932183834677,15.45005011956163,-1.1299999999999997
150.65847481806006,15.45005011956163,-1.0309999999999995
150.69309021677367,15.45005011956163,-1.1559999999999995
148.22331088836998,15.45005011956163,-0.9779999999999982
148.22331088836998,15.45005011956163,-0.9899999999999938
146.45918230878243,15.45005011956163,-1.041999999999985
142.93466809327245,15.45005011956163,-0.9339999999999804
142.93466809327245,15.45005011956163,-0.8749999999999802
142.93466809327245,15.45005011956163,-0.9869999999999803
142.93092173451268,15.45005011956163,-0.6689999999999767
142.93466809327245,15.45005011956163,-0.5699999999999766
142.9271787908475,15.45005011956163,-0.7419999999999768
131.3635882712932,15.45005011956163,-0.6279999999999555
130.30759662937962,15.45005011956163,-0.8839999999999557
127.13216313706522,15.45005011956163,-0.8249999999999555
124.30955501915889,15.45005011956163,-0.8569999999999551
119.05637029736381,15.45005011956163,-0.7579999999999549
115.5288721429602,15.45005011956163,-0.7389999999999549
114.1560109499768,15.45005011956163,-0.7039999999999549
111.33340411273095,15.45005011956163,-0.6289999999999548
108.19718976614651,15.45005011956163,-0.7139999999999549
107.1385377655512,15.45005011956163,-0.7589999999999549
104.35529032028437,15.45005011956163,-0.5799999999999548
104.27687974861263,15.45005011956163,-0.784999999999955
98.71008432975547,15.45005011956163,-0.42999999999995464
94.82750427719675,15.45005011956163,-0.19599999999995443
93.10238973814829,15.45005011956163,-0.4879999999999547
90.98710747295202,15.45005011956163,-0.3889999999999546
90.98522234074109,15.45005011956163,-0.21099999999995445
90.98710747295202,15.45005011956163,-0.42299999999995463
84.31999589956249,15.45005011956163,-0.2589999999999545
84.28079061372662,15.45005011956163,-0.22499999999995446
84.35657839275709,15.45005011956163,-0.4139999999999546
81.85284960908385,15.45005011956163,-0.23599999999995447
82.9085509679577,15.45005011956163,0.03900000000004568
78.67416153162995,15.45005011956163,-0.3529999999999546
76.95937423860656,15.45005011956163,-0.2539999999999545
75.89047695425623,15.45005011956163,-0.19499999999995443
81.15018706802961,15.45005011956163,-0.2559999999999545
74.47900470189477,15.45005011956163,-0.1479999999999544
72.71856442445899,15.45005011956163,-0.032999999999954316
72.7538901628463,15.45005011956163,-0.2379999999999545
71.66010366916046,15.45005011956163,-0.13899999999995438
70.56656306228473,15.45005011956163,-0.10399999999995435
68.4890380828203,15.45005011956163,-0.05599999999995432
0.3618626216617138,21.62152218564001,0.11325000000000013
0.3500873755326118,21.62152218564001,0.24650000000000025
1.4202140939335295,21.62152218564001,0.11175000000000007
1.773007024943028,21.62152218564001,0.07700000000000004
2.1533939201993784,21.62152218564001,0.2525000000000001
2.4946848126465753,21.62152218564001,0.17775000000000002
2.4393602803694723,21.62152218564001,0.2657499999999997
3.1726767104187212,21.62152218564001,0.3287499999999992
3.133471424582848,21.62152218564001,0.3192499999999989
4.583985038240116,21.62152218564001,0.5022499999999985
4.936805290006294,21.62152218564001,0.5274999999999985
5.261676407688781,21.62152218564001,0.6207499999999986
6.700933869593868,21.62152218564001,0.5459999999999985
6.700933869593868,21.62152218564001,0.560999999999998
7.731199603998591,21.62152218564001,0.5964999999999949
7.759421945649084,21.62152218564001,0.5817499999999949
11.237873365396498,21.62152218564001,0.8222499999999893
11.28767910482423,21.62152218564001,0.8074999999999892
17.236555305851898,21.62152218564001,0.7354999999999858
22.499707834966962,21.62152218564001,0.8509999999999851
22.509078854508218,21.62152218564001,0.9139999999999846
35.47583782394059,21.62152218564001,0.6872499999999844
35.47583782394059,21.62152218564001,0.6724999999999843
35.47583782394059,21.62152218564001,0.7829999999999842
46.72707183991919,21.62152218564001,0.696249999999984
56.95902306567845,21.62152218564001,0.5067499999999836
61.50145403357377,21.62152218564001,0.4872499999999822
63.58430656059082,21.62152218564001,0.45249999999998214
63.58430656059082,21.62152218564001,0.5029999999999819
66.40233332911136,21.62152218564001,0.36824999999998176
69.93097297888004,21.62152218564001,0.2214999999999816
69.55162427237752,21.62152218564001,0.10449999999998094
68.1666531539957,21.62152218564001,0.11749999999997718
72.01691275140192,21.62152218564001,0.262999999999973
74.12987275228039,21.62152218564001,0.24349999999997157
76.24684890439082,21.62152218564001,0.2364999999999699
77.65476945838388,21.62152218564001,0.2169999999999685
81.84995360887577,21.62152218564001,-0.05500000000003273
81.84995360887577,21.62152218564001,-0.12975000000003276
85.06749180232869,21.62152218564001,-0.031750000000032655
158.4106302429978,21.62152218564001,-0.05625000000000002
158.40520365770223,21.62152218564001,-0.11350000000000007
158.05244829273317,21.62152218564001,-0.32100000000000023
156.646692908707,21.62152218564001,-0.37825000000000025
155.9462774998897,21.62152218564001,-0.5882499999999983
155.2355382601419,21.62152218564001,-0.7934999999999984
154.8827521593216,21.62152218564001,-0.8609999999999977
153.4716043409457,21.62152218564001,-0.8084999999999947
153.12852393893596,21.62152218564001,-0.9984999999999904
152.06045652256978,21.62152218564001,-0.9659999999999895
150.65388834603237,21.62152218564001,-1.0209999999999868
149.6256682532841,21.62152218564001,-1.0009999999999857
148.9245664104552,21.62152218564001,-1.0559999999999852
148.22331088836998,21.62152218564001,-1.0834999999999844
147.52190168702845,21.62152218564001,-1.025999999999984
141.5196168217859,21.62152218564001,-0.8609999999999833
139.79469011293958,21.62152218564001,-0.9059999999999817
139.79809496224084,21.62152218564001,-0.9334999999999809
135.5637243089333,21.62152218564001,-0.8659999999999795
134.50230437417687,21.62152218564001,-0.8432499999999794
133.13020474728594,21.62152218564001,-0.8507499999999786
130.66042200378766,21.62152218564001,-0.8182499999999777
129.24911879860815,21.62152218564001,-0.8354999999999777
125.722729696171,21.62152218564001,-0.8327499999999777
123.95672964475084,21.62152218564001,-0.7379999999999776
123.95840816373938,21.62152218564001,-0.8004999999999773
119.05751520782344,21.62152218564001,-0.7377499999999773
116.5874652331739,21.62152218564001,-0.6829999999999772
112.74516451369803,21.62152218564001,-0.6202499999999771
109.9222501044961,21.62152218564001,-0.6174999999999771
106.43306118655893,21.62152218564001,-0.614749999999977
104.35575477314794,21.62152218564001,-0.41199999999997683
104.35529032028437,21.62152218564001,-0.4972499999999769
101.17988073363209,21.62152218564001,-0.37449999999997674
99.37854128344628,21.62152218564001,-0.449999999999976
99.41572483328784,21.62152218564001,-0.4524999999999757
96.94469899536062,21.62152218564001,-0.5054999999999741
89.92864671765348,21.62152218564001,-0.24274999999997382
87.80943026349529,21.62152218564001,-0.19074999999997044
87.81169788629973,21.62152218564001,-0.2532499999999705
86.79479200191155,21.62152218564001,-0.28574999999996914
85.69723524380386,21.62152218564001,-0.2629999999999691
84.99164938178487,21.62152218564001,-0.3259999999999686
82.56133147131092,21.62152218564001,-0.20324999999996846
81.50002935731767,21.62152218564001,-0.1982499999999679
79.0334568027293,21.62152218564001,-0.09324999999996753
78.36707622654617,21.62152218564001,-0.10074999999996753
78.32789826146698,21.62152218564001,0.016750000000032492
78.36049192418629,21.62152218564001,-0.22574999999996764
56.57265292470917,21.62152218564001,0.21700000000003264
-1.7396773029244894,32.16420945259442,0.14325000000000007
0.3500873755326118,32.16420945259442,0.013749999999999986
0.3500873755326118,32.16420945259442,-9.999999999999835E-4
0.377517415239383,32.16420945259442,0.06950000000000003
1.447753416667021,32.16420945259442,0.21000000000000013
1.7613683825973265,32.16420945259442,0.13525000000000004
2.8475323851694343,32.16420945259442,0.2107500000000001
3.1726767104187212,32.16420945259442,0.3137499999999974
3.5254969621848997,32.16420945259442,0.4189999999999975
3.8619247599430477,32.16420945259442,0.3442499999999974
4.908883476679282,32.16420945259442,0.4974999999999975
6.376199355694782,32.16420945259442,0.6027499999999976
7.042716535661306,32.16420945259442,0.655749999999996
9.837165491166962,32.16420945259442,0.7062499999999957
9.837165491166962,32.16420945259442,0.7467499999999944
9.865606398870895,32.16420945259442,0.8319999999999944
10.924203757952831,32.16420945259442,0.6674999999999934
12.688550903593846,32.16420945259442,0.9079999999999878
16.883707733329036,32.16420945259442,0.8909999999999851
21.41149477564385,32.16420945259442,0.9114999999999815
23.940987032866374,32.16420945259442,0.9767499999999816
35.47583782394059,32.16420945259442,0.7572499999999778
35.538347715224546,32.16420945259442,0.7904999999999778
43.19171128400723,32.16420945259442,0.850999999999972
43.18458056651374,32.16420945259442,0.7814999999999717
43.230889249086424,32.16420945259442,0.7547499999999716
53.065842559527866,32.16420945259442,0.825249999999967
59.070589707966235,32.16420945259442,0.6132499999999657
59.03138442213036,32.16420945259442,0.5984999999999656
58.99756132536046,32.16420945259442,0.7517499999999657
59.35040889788332,32.16420945259442,0.7889999999999657
72.40101526956676,32.16420945259442,0.5194999999999652
78.36049192418629,32.16420945259442,0.4149999999999643
82.90576425077633,32.16420945259442,0.3604999999999623
83.57777290283555,32.16420945259442,0.2857499999999622
83.61427343376009,32.16420945259442,0.27099999999996216
83.61427343376009,32.16420945259442,0.28649999999996134
84.00364885796418,32.16420945259442,0.14949999999996066
85.73144083116729,32.16420945259442,0.18449999999995836
86.04756930671216,32.16420945259442,0.2777499999999584
86.79241509608039,32.16420945259442,0.24299999999995836
90.2794998749387,32.16420945259442,0.10299999999995713
90.2794998749387,32.16420945259442,0.23624999999995724
92.00458709323048,32.16420945259442,0.10149999999995707
107.84428755211029,32.16420945259442,-0.14125000000004304
109.21652144883477,32.16420945259442,-0.17600000000004307
110.98057831143606,32.16420945259442,-0.15875000000004302
157.70505462626255,32.16420945259442,-0.09125000000000004
157.36289629979078,32.16420945259442,0.013749999999999988
157.35226852544224,32.16420945259442,-0.12625000000000008
157.0100282367004,32.16420945259442,-0.021250000000000043
156.9994790095273,32.16420945259442,0.04149999999999991
157.00475533066114,32.16420945259442,0.013999999999999891
156.65192824870581,32.16420945259442,-0.2285000000000003
156.30430235580343,32.16420945259442,-0.36575000000000035
155.59857647490645,32.16420945259442,-0.43124999999999847
155.59857647490645,32.16420945259442,-0.5364999999999985
155.24570841181608,32.16420945259442,-0.5964999999999953
154.5449924746753,32.16420945259442,-0.8989999999999886
154.53998253091908,32.16420945259442,-0.8762499999999885
152.7708440075753,32.16420945259442,-0.9312499999999859
151.36886571816015,32.16420945259442,-0.9262499999999854
147.16904045412727,32.16420945259442,-0.9537499999999846
146.8161723910369,32.16420945259442,-1.0909999999999846
136.6192583281725,32.16420945259442,-0.673499999999984
136.2694501898303,32.16420945259442,-0.7659999999999827
134.15226571695018,32.16420945259442,-0.6984999999999812
131.72394563680848,32.16420945259442,-0.708499999999979
131.01569429346588,32.16420945259442,-0.6884999999999779
131.01814120873604,32.16420945259442,-0.6257499999999778
130.66282964547008,32.16420945259442,-0.6407499999999773
128.89850811303847,32.16420945259442,-0.6982499999999754
125.01879503238385,32.16420945259442,-0.6234999999999753
122.93745539226796,32.16420945259442,-0.48874999999997515
117.99995091485347,32.16420945259442,-0.5739999999999752
114.1560109499768,32.16420945259442,-0.4992499999999751
110.62797876015743,32.16420945259442,-0.436499999999975
109.21644893143569,32.16420945259442,-0.49374999999997504
107.53061794466662,32.16420945259442,-0.41099999999997494
107.49141265883075,32.16420945259442,-0.504249999999975
104.00197829489795,32.16420945259442,-0.36149999999997484
103.64964981675202,32.16420945259442,-0.38899999999997403
102.23765847001363,32.16420945259442,-0.374249999999974
99.76857240581069,32.16420945259442,-0.3314999999999739
98.74822410608083,32.16420945259442,-0.36874999999997393
98.00329635444255,32.16420945259442,-0.3659999999999739
96.63105670867364,32.16420945259442,-0.3032499999999738
93.49283067186289,32.16420945259442,-0.22049999999997372
93.13992845782667,32.16420945259442,-0.2577499999999737
90.63234744746156,32.16420945259442,-0.17499999999997362
88.86802762257722,32.16420945259442,-0.09224999999997352
1.773007024943028,26.978579570559,0.07250000000000004
2.483128132570914,26.978579570559,0.1880000000000001
3.5532821717285117,26.978579570559,0.28125000000000017
3.9061297442513703,26.978579570559,0.3642499999999997
4.219799351695036,26.978579570559,0.40474999999999833
4.572646924217895,26.978579570559,0.45524999999999805
5.25044757669328,26.978579570559,0.5307499999999973
5.9841191765793695,26.978579570559,0.5559999999999973
7.367396408047032,26.978579570559,0.48899999999999555
7.378406672989093,26.978579570559,0.6422499999999957
8.80700903978896,26.978579570559,0.6554999999999956
8.767831074709767,26.978579570559,0.7834999999999924
10.924203757952831,26.978579570559,0.6339999999999898
16.148834020149025,26.978579570559,0.8669999999999818
16.207136514904256,26.978579570559,0.6722499999999816
16.17795794676996,26.978579570559,0.972749999999976
27.744091004242833,26.978579570559,0.9457499999999721
27.761685571544785,26.978579570559,0.870999999999972
27.75288828789381,26.978579570559,1.004249999999972
27.783296290078706,26.978579570559,1.1094999999999722
38.29845447958338,26.978579570559,0.974749999999972
43.19171128400723,26.978579570559,0.8399999999999719
48.523876044496106,26.978579570559,0.5732499999999716
64.98613458584424,26.978579570559,0.32374999999996446
64.99086107674988,26.978579570559,0.4169999999999645
64.99086107674988,26.978579570559,0.4074999999999642
64.95640960257634,26.978579570559,0.5007499999999643
65.02533987168012,26.978579570559,0.6112499999999641
67.10354787006155,26.978579570559,0.5417499999999638
67.10354787006155,26.978579570559,0.5847499999999632
72.71856442445899,26.978579570559,0.30024999999996216
72.71856442445899,26.978579570559,0.3734999999999622
74.08692452277934,26.978579570559,0.26149999999995877
74.12612980861522,26.978579570559,0.3719999999999586
74.16159215078592,26.978579570559,0.4452499999999586
76.21114067541,26.978579570559,0.3057499999999571
76.20764361855494,26.978579570559,0.23099999999995702
76.23980014916737,26.978579570559,0.21624999999995698
75.89047695425623,26.978579570559,0.3267499999999568
78.71336681746583,26.978579570559,0.36724999999995545
79.37988399743234,26.978579570559,0.15524999999995415
76.9132841220873,26.978579570559,0.32049999999995427
86.04511043861095,26.978579570559,0.17099999999995164
85.6947217341893,26.978579570559,0.30824999999995173
86.75083290441334,26.978579570559,0.1854999999999516
86.75083290441334,26.978579570559,0.24274999999995164
88.51733838983209,26.978579570559,0.1559999999999515
89.22090251585676,26.978579570559,0.26849999999995144
94.16098709723022,26.978579570559,0.013749999999951247
94.82600163557935,26.978579570559,0.05624999999995127
96.27949321171474,26.978579570559,0.08949999999995129
4 Bar Position Deg, Arm Position Deg, Gravity Voltage
4 Bar Position Deg, Arm Position Deg, Gravity Voltage
157.35757899752193,26.978579570559,-0.041249999999999995
157.32900148603457,26.978579570559,-0.03850000000000002
157.35757899752193,26.978579570559,-0.03575000000000006
156.646692908707,26.978579570559,-0.25575000000000025
156.65192824870581,26.978579570559,-0.13824999999999987
156.30430235580343,26.978579570559,-0.1537499999999999
156.30430235580343,26.978579570559,-0.25624999999999876
155.9462774998897,26.978579570559,-0.39624999999999777
155.59857647490645,26.978579570559,-0.40374999999999694
155.59857647490645,26.978579570559,-0.6762499999999936
154.89284376382028,26.978579570559,-0.8437499999999907
154.53998253091908,26.978579570559,-0.8712499999999899
153.12367108953066,26.978579570559,-0.9062499999999893
153.12852393893596,26.978579570559,-0.9462499999999883
152.06045652256978,26.978579570559,-1.0462499999999872
148.57613797032533,26.978579570559,-0.9234999999999871
147.16483305759854,26.978579570559,-0.7784999999999864
147.16483305759854,26.978579570559,-0.6557499999999863
145.75758186214412,26.978579570559,-0.9132499999999779
143.6365758984234,26.978579570559,-0.7382499999999761
143.6365758984234,26.978579570559,-0.7754999999999761
136.97208541012785,26.978579570559,-0.7154999999999727
135.21085795339025,26.978579570559,-0.7604999999999711
134.85512974858491,26.978579570559,-0.6177499999999709
133.4492497136064,26.978579570559,-0.8077499999999667
129.25588239343375,26.978579570559,-0.702749999999966
128.19064096783669,26.978579570559,-0.659999999999966
127.13216313706522,26.978579570559,-0.717249999999966
123.95505283330961,26.978579570559,-0.6624999999999659
122.2318037896782,26.978579570559,-0.5974999999999653
121.88042897669513,26.978579570559,-0.587999999999965
121.8789775614965,26.978579570559,-0.6932499999999651
116.93941548959454,26.978579570559,-0.5904999999999649
114.86235026723861,26.978579570559,-0.5677499999999649
110.98057831143606,26.978579570559,-0.45299999999996476
108.86365714768453,26.978579570559,-0.4982499999999648
105.37421794066688,26.978579570559,-0.3707499999999633
104.70770076070035,26.978579570559,-0.38824999999996135
104.70811057205056,26.978579570559,-0.43349999999996136
104.70811057205056,26.978579570559,-0.5387499999999614
99.7675888585702,26.978579570559,-0.2839999999999612
99.06186639276781,26.978579570559,-0.3494999999999593
96.98390428119649,26.978579570559,-0.19999999999995888
95.53467474310318,26.978579570559,-0.30749999999995814
93.41769859099276,26.978579570559,-0.2299999999999578
91.69091748578681,26.978579570559,-0.10499999999995713
91.69091748578681,26.978579570559,-0.1924999999999572
90.63428722118584,26.978579570559,-0.1749999999999569
89.5758264658873,26.978579570559,-0.15224999999995686
4.572646924217895,35.99986098291328,0.20274999999999982
4.611879530810448,35.99986098291328,0.32574999999999954
5.317601996612845,35.99986098291328,0.2989999999999995
5.631244283299831,35.99986098291328,0.25699999999999723
6.325847201133447,35.99986098291328,0.3449999999999962
6.325847201133447,35.99986098291328,0.3604999999999954
6.2977887840230355,35.99986098291328,0.45374999999999543
6.2977887840230355,35.99986098291328,0.5642499999999953
7.031651629205886,35.99986098291328,0.5494999999999952
7.031651629205886,35.99986098291328,0.709999999999994
8.443260485350761,35.99986098291328,0.5152499999999938
8.443260485350761,35.99986098291328,0.590749999999993
8.482465771186634,35.99986098291328,0.5337499999999924
11.954141643277396,35.99986098291328,0.754249999999989
11.943595831198895,35.99986098291328,0.859499999999989
15.119387908444704,35.99986098291328,0.8499999999999888
15.109197266203045,35.99986098291328,1.063249999999989
21.775134047055328,35.99986098291328,0.8684999999999887
21.814366653647884,35.99986098291328,0.7937499999999886
21.784614349623308,35.99986098291328,0.9467499999999849
29.5169895467247,35.99986098291328,0.9297499999999843
34.7853056988523,35.99986098291328,0.860249999999984
34.77019732040823,35.99986098291328,0.9934999999999841
43.57668806638583,35.99986098291328,0.7267499999999838
43.57668806638583,35.99986098291328,0.7547499999999827
43.57668806638583,35.99986098291328,0.7727499999999805
43.583764142365965,35.99986098291328,0.9207499999999795
47.7529662532551,35.99986098291328,0.8287499999999783
63.27069159466051,35.99986098291328,0.47174999999997747
69.22525051307763,35.99986098291328,0.579749999999972
71.34241791048483,35.99986098291328,0.5952499999999712
76.20764361855494,35.99986098291328,0.40574999999997075
76.20411924094321,35.99986098291328,0.3909999999999707
76.24332452677909,35.99986098291328,0.5014999999999705
80.12172450356577,35.99986098291328,0.3494999999999693
80.08560646323474,35.99986098291328,0.4149999999999674
83.22495265106937,35.99986098291328,0.3229999999999662
84.67806173661124,35.99986098291328,0.24549999999996586
86.39795801113381,35.99986098291328,0.2784999999999642
89.22090251585676,35.99986098291328,0.1637499999999641
91.68911431584593,35.99986098291328,0.10424999999996265
92.74951484486874,35.99986098291328,0.15474999999996242
93.80972412859481,35.99986098291328,0.18524999999996244
94.15942981409945,35.99986098291328,0.18249999999996244
95.5724593495917,35.99986098291328,0.17299999999996243
96.59182410208108,35.99986098291328,-0.021750000000037652
96.59444689472237,35.99986098291328,0.023499999999962353
97.29877600193409,35.99986098291328,0.058999999999962374
110.2749264954029,35.99986098291328,-0.07050000000003762
112.74516451369803,35.99986098291328,-0.2052500000000377
158.38228154284766,35.99986098291328,0.16275000000000006
157.71576094778655,35.99986098291328,-0.15975000000000017
157.36289629979078,35.99986098291328,-0.17475000000000018
157.32900148603457,35.99986098291328,-0.17200000000000018
156.30430235580343,35.99986098291328,-0.19950000000000018
156.30950695995097,35.99986098291328,-0.35949999999999943
155.95143770780763,35.99986098291328,-0.36199999999999916
155.59857647490645,35.99986098291328,-0.5144999999999957
155.25079690274774,35.99986098291328,-0.8669999999999924
154.89284376382028,35.99986098291328,-0.8642499999999924
154.89284376382028,35.99986098291328,-0.8667499999999921
153.13338020343582,35.99986098291328,-0.9342499999999891
152.7708440075753,35.99986098291328,-0.9617499999999883
151.7170687620474,35.99986098291328,-0.944249999999988
149.5998808740727,35.99986098291328,-0.7592499999999851
147.86620469289963,35.99986098291328,-1.0017499999999784
145.7494778426939,35.99986098291328,-0.9217499999999772
141.5232095012893,35.99986098291328,-0.8442499999999746
135.21085795339025,35.99986098291328,-0.7417499999999726
134.85799501294176,35.99986098291328,-0.6842499999999723
133.4492497136064,35.99986098291328,-0.776749999999971
133.7994010689544,35.99986098291328,-0.7739999999999709
132.39054136395046,35.99986098291328,-0.7889999999999704
129.24911879860815,35.99986098291328,-0.6719999999999697
126.42651238824911,35.99986098291328,-0.6692499999999697
121.52615218708844,35.99986098291328,-0.6064999999999696
117.6450670921843,35.99986098291328,-0.5317499999999695
112.0394360714801,35.99986098291328,-0.5089999999999695
110.27511443232677,35.99986098291328,-0.4742499999999694
109.92210069410801,35.99986098291328,-0.47674999999996914
108.86362299673868,35.99986098291328,-0.4539999999999691
106.43281529974881,35.99986098291328,-0.45924999999996907
104.70854770415744,35.99986098291328,-0.3417499999999687
101.88478357673408,35.99986098291328,-0.12699999999996847
101.84705361175894,35.99986098291328,-0.28949999999996795
100.43413335929341,35.99986098291328,-0.18949999999996675
99.0639427702755,35.99986098291328,-0.34699999999996495
96.9459557501679,35.99986098291328,-0.22949999999996457
94.20174966619686,35.99986098291328,-0.13949999999996227
93.45526463142782,35.99986098291328,-0.18474999999996228
92.71030955903288,35.99986098291328,-0.22724999999996204
88.47813310399621,35.99986098291328,-0.09249999999996189
-1.0493091023762806,41.056922799106964,0.1532500000000001
-0.3282323713196945,41.056922799106964,0.07850000000000004
-0.018305707541195936,41.056922799106964,0.1315000000000001
0.3618626216617138,41.056922799106964,0.23675000000000018
1.7613683825973265,41.056922799106964,0.14200000000000007
1.7889350260874979,41.056922799106964,0.23525000000000015
2.455452206054022,41.056922799106964,0.2857499999999999
2.808327099333561,41.056922799106964,0.3189999999999999
3.5140495651359585,41.056922799106964,0.3442499999999999
3.5254969621848997,41.056922799106964,0.5147499999999997
4.583985038240116,41.056922799106964,0.4399999999999996
6.012150272933102,41.056922799106964,0.5404999999999983
6.336994069858909,41.056922799106964,0.5934999999999967
6.336994069858909,41.056922799106964,0.6387499999999967
7.014548835524173,41.056922799106964,0.5342499999999958
7.042716535661306,41.056922799106964,0.6394999999999958
7.025613741979594,41.056922799106964,0.5824999999999952
7.014548835524173,41.056922799106964,0.572999999999995
7.014548835524173,41.056922799106964,0.720999999999994
7.053754121360047,41.056922799106964,0.7062499999999939
8.80700903978896,41.056922799106964,0.7167499999999937
8.778704735868427,41.056922799106964,0.7447499999999926
14.413665442642307,41.056922799106964,0.9902499999999907
14.423910726397326,41.056922799106964,1.0754999999999908
20.72601699054137,41.056922799106964,0.8859999999999904
20.72601699054137,41.056922799106964,1.00899999999999
20.765222276377244,41.056922799106964,0.9519999999999893
27.077573824276307,41.056922799106964,0.9349999999999865
27.077573824276307,41.056922799106964,0.8179999999999858
27.077573824276307,41.056922799106964,1.213499999999981
39.38860731263077,41.056922799106964,0.8987499999999806
47.38686811374242,41.056922799106964,0.6692499999999757
47.42607339957829,41.056922799106964,0.7624999999999758
47.46527868541417,41.056922799106964,0.7654999999999752
53.771674308356985,41.056922799106964,0.8509999999999689
76.20764361855494,41.056922799106964,0.5614999999999639
76.24332452677909,41.056922799106964,0.5947499999999639
81.84995360887577,41.056922799106964,0.26524999999996113
81.84995360887577,41.056922799106964,0.5157499999999611
83.96982576119427,41.056922799106964,0.3689999999999609
84.2834134063679,41.056922799106964,0.34224999999996086
88.55219967535584,41.056922799106964,0.44749999999996093
92.74782095795459,41.056922799106964,0.17274999999996066
92.71030955903288,41.056922799106964,0.32599999999996077
100.12046375184975,41.056922799106964,0.21124999999996064
101.49273071837536,41.056922799106964,0.20174999999996035
120.11610829803715,41.056922799106964,-0.06100000000003977
122.9405887415497,41.056922799106964,-0.18375000000003983
157.01530797292884,41.056922799106964,-0.07725
156.9994790095273,41.056922799106964,-0.18250000000000008
155.9462774998897,41.056922799106964,-0.3449999999999999
155.240623335979,41.056922799106964,-0.5199999999999974
155.240623335979,41.056922799106964,-0.5172499999999973
154.53998253091908,41.056922799106964,-0.7522499999999903
153.48138858693173,41.056922799106964,-1.024749999999987
149.63908957500317,41.056922799106964,-0.8419999999999868
149.63908957500317,41.056922799106964,-0.8944999999999854
149.6346158010968,41.056922799106964,-0.9094999999999849
147.52190168702845,41.056922799106964,-0.9467499999999849
143.28374881646803,41.056922799106964,-0.8092499999999845
141.8760707341905,41.056922799106964,-0.551749999999984
141.87970439482893,41.056922799106964,-0.4889999999999839
141.8760707341905,41.056922799106964,-0.6364999999999832
138.03056153335203,41.056922799106964,-0.7214999999999794
131.37104513031954,41.056922799106964,-0.5987499999999792
129.95710034947854,41.056922799106964,-0.5912499999999778
126.07559434416679,41.056922799106964,-0.5884999999999778
121.52897903163118,41.056922799106964,-0.49099999999997745
119.40801404904546,41.056922799106964,-0.4882499999999774
117.29224171777625,41.056922799106964,-0.5054999999999774
117.29319367539182,41.056922799106964,-0.5027499999999774
112.39146359441574,41.056922799106964,-0.3279999999999772
108.86365714768453,41.056922799106964,-0.30524999999997715
106.11917301306183,41.056922799106964,-0.3024999999999771
105.02175285873754,41.056922799106964,-0.1254999999999764
105.02213534933107,41.056922799106964,-0.31074999999997654
102.94400931321967,41.056922799106964,-0.1679999999999764
102.94400931321967,41.056922799106964,-0.20799999999997626
102.94400931321967,41.056922799106964,-0.3132499999999763
101.17906111093168,41.056922799106964,-0.11849999999997612
99.72936711997482,41.056922799106964,-0.1689999999999759
98.31805879215342,41.056922799106964,-0.14424999999997562
85.0257183653649,41.056922799106964,0.2585000000000246
-1.4140685248116416,47.07825193930284,0.09850000000000012
-0.3674376571555677,47.07825193930284,0.12375000000000014
-0.3555804487564256,47.07825193930284,0.16900000000000018
0.40492013418947415,47.07825193930284,0.0342500000000001
1.0557278790649691,47.07825193930284,0.1722500000000002
1.8005736684331997,47.07825193930284,0.1627500000000002
2.4946848126465753,47.07825193930284,0.10575000000000015
2.831358497214844,47.07825193930284,0.13624999999999998
3.8783172139510786,47.07825193930284,0.41924999999999907
4.908883476679282,47.07825193930284,0.2844999999999989
4.936805290006294,47.07825193930284,0.3349999999999987
6.023324462415243,47.07825193930284,0.4204999999999969
6.689841642381767,47.07825193930284,0.35599999999999377
7.031651629205886,47.07825193930284,0.5114999999999886
7.042716535661306,47.07825193930284,0.5144999999999881
7.070856915041759,47.07825193930284,0.7099999999999874
7.737456057278323,47.07825193930284,0.6352499999999873
7.720216659813211,47.07825193930284,0.625749999999987
9.170730273470479,47.07825193930284,0.7162499999999868
10.560673769568073,47.07825193930284,0.8192499999999842
10.560673769568073,47.07825193930284,0.989749999999984
13.383891481857823,47.07825193930284,0.8549999999999838
17.56014234797042,47.07825193930284,1.0129999999999817
17.56014234797042,47.07825193930284,0.9862499999999816
17.599347633806293,47.07825193930284,1.0114999999999816
24.960379106112434,47.07825193930284,0.8344999999999809
24.92117382027656,47.07825193930284,0.9124999999999788
24.960379106112434,47.07825193930284,0.9577499999999788
24.951281294137978,47.07825193930284,0.9657499999999755
24.93027163225102,47.07825193930284,0.9087499999999749
24.93027163225102,47.07825193930284,0.8392499999999745
24.960379106112434,47.07825193930284,0.6897499999999741
24.960379106112434,47.07825193930284,0.7602499999999739
24.939369444225477,47.07825193930284,0.7507499999999736
24.960379106112434,47.07825193930284,0.7839999999999736
24.939369444225477,47.07825193930284,0.9694999999999718
24.960379106112434,47.07825193930284,0.9547499999999718
24.960379106112434,47.07825193930284,1.0777499999999713
24.960379106112434,47.07825193930284,1.2109999999999714
35.47583782394059,47.07825193930284,0.716249999999971
35.50709276958256,47.07825193930284,0.8792499999999706
35.49914242938867,47.07825193930284,1.0997499999999694
40.40056814005986,47.07825193930284,0.9529999999999692
40.760874279156376,47.07825193930284,0.9382499999999692
40.760874279156376,47.07825193930284,0.803499999999969
40.760874279156376,47.07825193930284,0.9389999999999683
40.729045597624115,47.07825193930284,1.0019999999999678
40.729045597624115,47.07825193930284,1.2024999999999644
52.01945757868191,47.07825193930284,0.827749999999964
68.91158090563397,47.07825193930284,0.8057499999999573
74.48272032480325,47.07825193930284,0.6287499999999566
74.47900470189477,47.07825193930284,0.45674999999995536
74.51820998773063,47.07825193930284,0.5499999999999554
81.85577293004862,47.07825193930284,0.5379999999999499
90.63428722118584,47.07825193930284,0.44599999999994866
93.10238973814829,47.07825193930284,0.4859999999999476
97.25957071609821,47.07825193930284,0.35124999999994744
101.84631595132858,47.07825193930284,0.02449999999994717
102.23765847001363,47.07825193930284,0.20199999999994728
106.47226647239481,47.07825193930284,0.02724999999994714
106.82489547886422,47.07825193930284,0.09524999999994718
157.70505462626255,47.07825193930284,-0.21625000000000014
157.00475533066114,47.07825193930284,-0.2615000000000001
156.646692908707,47.07825193930284,-0.2687500000000001
156.29910458184503,47.07825193930284,-0.40374999999999966
155.9462774998897,47.07825193930284,-0.40699999999999964
155.59345383302892,47.07825193930284,-0.5629999999999986
155.24570841181608,47.07825193930284,-0.5654999999999983
154.18214892030213,47.07825193930284,-0.8909999999999922
148.21899079371997,47.07825193930284,-0.873499999999992
148.22331088836998,47.07825193930284,-0.9734999999999909
141.2059950256664,47.07825193930284,-0.7707499999999907
138.0273513444421,47.07825193930284,-0.6307499999999895
135.55783839341606,47.07825193930284,-0.6057499999999889
134.1494789997688,47.07825193930284,-0.6229999999999889
132.06916559557573,47.07825193930284,-0.6034999999999875
126.42845728461528,47.07825193930284,-0.46874999999998734
126.07177797596803,47.07825193930284,-0.489249999999986
126.07368530629377,47.07825193930284,-0.4942499999999843
124.69982690569155,47.07825193930284,-0.5052499999999838
122.23031395466549,47.07825193930284,-0.4624999999999837
119.40801404904546,47.07825193930284,-0.44774999999998366
117.64407671475465,47.07825193930284,-0.45299999999998364
115.56655088151656,47.07825193930284,-0.34324999999998296
114.86166297945338,47.07825193930284,-0.37049999999998295
109.56927478609143,47.07825193930284,-0.17574999999998275
107.49152194185747,47.07825193930284,-0.3609999999999829
103.64913072237509,47.07825193930284,-0.23824999999998275
102.94338093581602,47.07825193930284,-0.15749999999998265
102.90480402738379,47.07825193930284,-0.2707499999999827
0.06317026959832993,54.47099085728347,-0.10875000000000003
0.03593147518831907,54.47099085728347,0.0317500000000001
0.05120377817246759,54.47099085728347,0.037000000000000116
0.06317026959832993,54.47099085728347,0.1422500000000002
1.8275174152393436,54.47099085728347,0.02525000000000015
1.4472398030097138,54.47099085728347,0.11850000000000023
4.6112019926130605,54.47099085728347,0.3637500000000004
5.300532004407427,54.47099085728347,0.34900000000000037
8.845591428940805,54.47099085728347,0.4822500000000004
10.239551076270368,54.47099085728347,0.7355000000000006
10.25700903978892,54.47099085728347,0.7385
10.25700903978892,54.47099085728347,0.6689999999999997
13.07995354451187,54.47099085728347,0.7594999999999973
15.168242902108249,54.47099085728347,0.8899999999999949
15.178570148133309,54.47099085728347,0.9152499999999949
15.129064937029057,54.47099085728347,0.9057499999999946
15.178570148133309,54.47099085728347,0.9337499999999935
23.626667207982,54.47099085728347,0.894249999999992
23.56708063766281,54.47099085728347,0.9422499999999865
31.6726573710137,54.47099085728347,0.990249999999981
39.75610429145375,54.47099085728347,0.935749999999979
44.680889249086384,54.47099085728347,0.6812499999999746
44.648814680744,54.47099085728347,0.6117499999999743
44.680889249086384,54.47099085728347,0.5422499999999739
44.680889249086384,54.47099085728347,0.49549999999997385
44.68801996657988,54.47099085728347,0.4687499999999738
44.648814680744,54.47099085728347,0.3667499999999715
46.41988273252831,54.47099085728347,0.7197499999999568
46.41988273252831,54.47099085728347,0.8552499999999561
46.45214854616745,54.47099085728347,0.9907499999999554
53.79533956436152,54.47099085728347,1.1062499999999524
62.250922511540544,54.47099085728347,0.7714999999999521
62.21690816947388,54.47099085728347,0.9847499999999523
74.51753244953325,54.47099085728347,0.7652499999999507
74.51753244953325,54.47099085728347,0.7304999999999506
74.560589962061,54.47099085728347,0.61349999999995
87.14472173418926,54.47099085728347,0.543999999999943
87.14472173418926,54.47099085728347,0.6669999999999425
92.04704902983089,54.47099085728347,0.5802499999999424
92.12155273329739,54.47099085728347,0.6054999999999424
97.69028792587882,54.47099085728347,0.3929999999999414
97.7294932117147,54.47099085728347,0.5154999999999412
107.17709283394638,54.47099085728347,0.300749999999941
109.2943421936236,54.47099085728347,0.16599999999994086
111.01927478609139,54.47099085728347,0.18324999999994085
112.43057831143602,54.47099085728347,0.1604999999999408
112.78370741581872,54.47099085728347,0.1457499999999408
115.95883717815846,54.47099085728347,0.1029999999999407
135.95513036494592,54.47099085728347,-0.23175000000005946
4 Bar Position Deg, Arm Position Deg, Gravity Voltage
4 Bar Position Deg, Arm Position Deg, Gravity Voltage
159.1604094945718,54.47099085728347,-0.01125
159.1657609477865,54.47099085728347,-0.08875000000000005
158.8075789975219,54.47099085728347,-0.04375000000000004
158.8075789975219,54.47099085728347,-0.04875000000000006
158.4547553306611,54.47099085728347,0.15625
158.8075789975219,54.47099085728347,0.14125
158.09669290870696,54.47099085728347,-0.053750000000000145
157.3911138768771,54.47099085728347,-0.29374999999999957
156.68553826014187,54.47099085728347,-0.6787499999999939
156.3377996691182,54.47099085728347,-0.706249999999993
156.3377996691182,54.47099085728347,-0.5834999999999929
155.27439044176597,54.47099085728347,-0.7759999999999873
152.4613394660558,54.47099085728347,-0.7732499999999872
152.4613394660558,54.47099085728347,-0.7157499999999869
149.3247663350242,54.47099085728347,-0.733249999999985
147.91331115813566,54.47099085728347,-0.7632499999999828
142.65599502566636,54.47099085728347,-0.5657499999999801
141.5975171948949,54.47099085728347,-0.6207499999999774
137.00783839341602,54.47099085728347,-0.5579999999999773
134.89653812850585,54.47099085728347,-0.4779999999999761
134.89653812850585,54.47099085728347,-0.6379999999999751
129.99564517258995,54.47099085728347,-0.45524999999997495
127.17272969617096,54.47099085728347,-0.4124999999999749
125.09310784863132,54.47099085728347,-0.3697499999999748
123.68180378967816,54.47099085728347,-0.3377499999999737
121.56610829803711,54.47099085728347,-0.33499999999997365
118.74319367539178,54.47099085728347,-0.3202499999999736
116.9796315746185,54.47099085728347,-0.39749999999997365
113.48981578730924,54.47099085728347,-0.21474999999997346
111.72511443232673,54.47099085728347,-0.23199999999997345
110.66652144883473,54.47099085728347,-0.16924999999997337
108.58840116176778,54.47099085728347,-0.1204999999999733
107.21629811978225,54.47099085728347,-0.1417499999999733
107.17709283394638,54.47099085728347,-0.13899999999997328
1.8118626216616744,64.45654642382911,0.1562500000000002
1.8000873755325726,64.45654642382911,0.14150000000000018
2.5174211629239918,64.45654642382911,0.23475000000000026
3.9170362068863245,64.45654642382911,0.28000000000000025
4.6226767104186814,64.45654642382911,0.2532500000000002
4.97549696218486,64.45654642382911,0.33124999999999805
7.092473114295292,64.45654642382911,0.46674999999999733
8.464548835524134,64.45654642382911,0.5172499999999971
9.52303691157935,64.45654642382911,0.7002499999999967
9.53399253500805,64.45654642382911,0.7032499999999962
9.52303691157935,64.45654642382911,0.7537499999999959
11.650695479551683,64.45654642382911,0.6589999999999958
12.327703830083346,64.45654642382911,0.7042499999999958
12.327703830083346,64.45654642382911,0.32949999999999546
12.34565356722214,64.45654642382911,0.36274999999999546
12.35628134157068,64.45654642382911,0.3479999999999954
12.327703830083346,64.45654642382911,0.4834999999999947
12.384858853058013,64.45654642382911,0.6839999999999935
13.414660134599176,64.45654642382911,0.8144999999999911
13.443346929113229,64.45654642382911,0.8549999999999898
16.226730978163467,64.45654642382911,0.8479999999999881
18.686555305851858,64.45654642382911,0.6259999999999857
18.696527382040074,64.45654642382911,0.31124999999998537
21.84234858920787,64.45654642382911,0.8917499999999712
21.83275900361317,64.45654642382911,0.8222499999999708
25.321783556195765,64.45654642382911,0.7902499999999697
25.35178174703046,64.45654642382911,0.8954999999999698
25.360988842031638,64.45654642382911,0.9259999999999695
33.0531478853,64.45654642382911,1.0539999999999663
41.872834556754064,64.45654642382911,1.104499999999966
41.86543063169377,64.45654642382911,1.2199999999999631
53.46945757868187,64.45654642382911,0.9879999999999596
53.46331040842886,64.45654642382911,1.2234999999999567
60.13394635943011,64.45654642382911,0.9389999999999556
60.1056147347529,64.45654642382911,0.8094999999999553
60.13938319000945,64.45654642382911,0.8374999999999542
69.2290262582191,64.45654642382911,0.8979999999999484
69.2290262582191,64.45654642382911,1.020999999999948
69.26823154405497,64.45654642382911,1.0714999999999477
73.46691275140188,64.45654642382911,0.9669999999999468
73.49814037628718,64.45654642382911,1.1199999999999453
88.55370779769285,64.45654642382911,0.6904999999999446
88.55603006201065,64.45654642382911,0.7584999999999436
95.96230470737896,64.45654642382911,0.6609999999999432
98.39341491979661,64.45654642382911,0.6334999999999418
98.39469899536059,64.45654642382911,0.6587499999999418
98.43390428119645,64.45654642382911,0.7519999999999418
107.53024093479272,64.45654642382911,0.4292499999999415
107.52994040646924,64.45654642382911,0.31224999999994085
107.56917301306179,64.45654642382911,0.35749999999994087
108.94152194185743,64.45654642382911,0.5099999999999396
111.72492649540285,64.45654642382911,0.37524999999993947
115.60540092870652,64.45654642382911,0.30049999999993937
118.03746523317386,64.45654642382911,0.3457499999999394
119.09704870081721,64.45654642382911,0.27624999999993904
121.9202706819752,64.45654642382911,0.261499999999939
122.27183588648138,64.45654642382911,0.258749999999939
126.46520918306956,64.45654642382911,0.08399999999993879
127.16899016760037,64.45654642382911,0.11449999999993882
128.93911394573192,64.45654642382911,0.09974999999993878
131.05423740903,64.45654642382911,0.050249999999938746
158.10192824870578,64.45654642382911,-0.07375
157.749104581845,64.45654642382911,-0.12625000000000003
157.04345383302888,64.45654642382911,-0.3512499999999982
156.69062333597896,64.45654642382911,-0.5237499999999969
156.3377996691182,64.45654642382911,-0.580999999999997
154.22565929094014,64.45654642382911,-0.6234999999999945
153.8680169256199,64.45654642382911,-0.698499999999994
152.10388834603233,64.45654642382911,-0.5757499999999939
150.37456641045517,64.45654642382911,-0.6782499999999915
148.26200939073772,64.45654642382911,-0.5607499999999911
147.20758186214408,64.45654642382911,-0.4332499999999896
147.20353155996628,64.45654642382911,-0.42824999999998903
147.20353155996628,64.45654642382911,-0.5307499999999866
140.89523031424503,64.45654642382911,-0.4282499999999846
138.77491078453588,64.45654642382911,-0.3357499999999837
137.0107822049483,64.45654642382911,-0.38824999999998233
134.54100116899733,64.45654642382911,-0.39074999999998206
132.1080143621052,64.45654642382911,-0.2559999999999819
129.99346634224472,64.45654642382911,-0.23899999999998134
128.9370512286026,64.45654642382911,-0.2162499999999813
127.87845728461524,64.45654642382911,-0.18149999999998123
126.81803455747762,64.45654642382911,-0.12674999999998116
126.46879503238381,64.45654642382911,-0.1667499999999812
125.09146348058864,64.45654642382911,-0.12399999999998113
124.03462916408621,64.45654642382911,-0.12924999999998113
121.56610829803711,64.45654642382911,-0.08649999999998109
1.4472398030097138,70.84215175057656,-0.030749999999999982
1.8275174152393436,70.84215175057656,0.06750000000000009
2.50572787906493,70.84215175057656,0.0480000000000001
3.536594670116614,70.84215175057656,0.0212500000000001
3.2389350260874585,70.84215175057656,0.006500000000000127
3.9446848126465364,70.84215175057656,0.12200000000000019
5.653324935416926,70.84215175057656,0.21249999999999974
5.339709969486621,70.84215175057656,0.1977499999999997
5.681164786473898,70.84215175057656,0.29099999999999976
5.681164786473898,70.84215175057656,0.16149999999999937
6.033985038240076,70.84215175057656,0.3369999999999975
8.139841642381727,70.84215175057656,0.5074999999999974
9.198439001463663,70.84215175057656,0.5954999999999964
9.904161467266063,70.84215175057656,0.575999999999995
11.650695479551683,70.84215175057656,0.6989999999999945
13.756934574286854,70.84215175057656,0.7322499999999945
13.414660134599176,70.84215175057656,0.7127499999999931
13.756934574286854,70.84215175057656,0.8832499999999908
16.187525692327593,70.84215175057656,0.7787499999999898
16.216513015165127,70.84215175057656,0.8359999999999899
16.187525692327593,70.84215175057656,0.8932499999999899
16.54034594409377,70.84215175057656,0.8784999999999898
19.000224913295522,70.84215175057656,0.8037499999999898
19.000224913295522,70.84215175057656,0.9569999999999899
19.01014234797038,70.84215175057656,0.9902499999999899
23.940309494668984,70.84215175057656,0.7207499999999893
23.949707834966922,70.84215175057656,0.8739999999999895
23.940309494668984,70.84215175057656,1.106999999999988
30.605535935847588,70.84215175057656,1.2299999999999875
40.485732419351194,70.84215175057656,0.9152499999999872
48.87607339957825,70.84215175057656,1.0632499999999796
48.87607339957825,70.84215175057656,1.2112499999999786
48.91527868541413,70.84215175057656,1.1364999999999785
58.05054741727946,70.84215175057656,1.156999999999975
69.96952804727519,70.84215175057656,0.9624999999999728
85.41444357212826,70.84215175057656,0.8979999999999697
85.45364885796414,70.84215175057656,0.8832499999999697
89.26169788629969,70.84215175057656,0.7787499999999687
89.25943026349525,70.84215175057656,0.7467499999999676
89.25943026349525,70.84215175057656,0.6719999999999675
89.29863554933112,70.84215175057656,0.6874999999999667
89.29863554933112,70.84215175057656,0.7899999999999643
96.27750427719671,70.84215175057656,0.4774999999999632
96.27750427719671,70.84215175057656,0.46274999999996314
96.31670956303257,70.84215175057656,0.5479999999999632
96.27750427719671,70.84215175057656,0.7012499999999633
96.31523424217185,70.84215175057656,0.6864999999999633
96.66958445631212,70.84215175057656,0.846999999999962
110.66652144883473,70.84215175057656,0.4122499999999616
116.66521448834753,70.84215175057656,0.4494999999999616
119.09605746961391,70.84215175057656,0.31474999999996145
120.86156233231924,70.84215175057656,0.2599999999999614
123.33042897669509,70.84215175057656,0.3172499999999614
126.82169724642003,70.84215175057656,0.10249999999996118
128.5841865806068,70.84215175057656,0.12774999999996117
131.75759662937958,70.84215175057656,0.11299999999996113
158.10192824870578,70.84215175057656,-0.0775
157.39627749988966,70.84215175057656,-0.24249999999999916
157.39627749988966,70.84215175057656,-0.26999999999999835
157.39627749988966,70.84215175057656,-0.3949999999999968
157.0485764749064,70.84215175057656,-0.4522499999999968
156.69062333597896,70.84215175057656,-0.3947499999999965
156.33275215932156,70.84215175057656,-0.5222499999999936
154.92649475639138,70.84215175057656,-0.4922499999999913
153.51045652256977,70.84215175057656,-0.5597499999999883
152.13850374474598,70.84215175057656,-0.5547499999999878
148.26200939073772,70.84215175057656,-0.4972499999999874
147.9091823087824,70.84215175057656,-0.5497499999999861
146.84669174187354,70.84215175057656,-0.4322499999999857
145.08657589842335,70.84215175057656,-0.4272499999999829
144.02438927493256,70.84215175057656,-0.4697499999999827
141.24469011293954,70.84215175057656,-0.20699999999998242
140.89523031424503,70.84215175057656,-0.24424999999998243
140.88850257791256,70.84215175057656,-0.2522499999999813
140.18621569726267,70.84215175057656,-0.30974999999997943
138.42517948582181,70.84215175057656,-0.3322499999999792
133.16637607966078,70.84215175057656,-0.21749999999997904
130.34850811303843,70.84215175057656,-0.214749999999979
128.9370512286026,70.84215175057656,-0.19199999999997897
127.87651238824907,70.84215175057656,-0.22924999999997897
126.81803455747762,70.84215175057656,-0.1664999999999789
124.38745539226792,70.84215175057656,-0.08374999999997881
158.09669290870696,80.07772522549811,-0.10000000000000014
157.3911138768771,80.07772522549811,-0.21749999999999986
156.69062333597896,80.07772522549811,-0.2849999999999991
156.33275215932156,80.07772522549811,-0.3774999999999978
156.3377996691182,80.07772522549811,-0.4424999999999962
154.936282417472,80.07772522549811,-0.44749999999999457
152.814200698957,80.07772522549811,-0.34474999999999445
149.3247663350242,80.07772522549811,-0.3997499999999917
147.9091823087824,80.07772522549811,-0.17474999999999097
146.1411161251383,80.07772522549811,-0.3422499999999866
143.71447285643782,80.07772522549811,-0.20474999999998622
144.0280946525573,80.07772522549811,-0.18199999999998617
141.24469011293954,80.07772522549811,-0.22449999999998432
139.83663637025768,80.07772522549811,-0.026999999999983915
138.77491078453588,80.07772522549811,-0.15699999999998365
137.7224708409907,80.07772522549811,-0.24449999999998373
135.2439027666725,80.07772522549811,-0.06174999999998354
134.18817579458926,80.07772522549811,-0.06974999999998355
4.3090617444883765,80.07772522549811,0.08300000000000002
5.0147022480207335,80.07772522549811,0.13850000000000007
5.328317213951039,80.07772522549811,0.2515000000000001
6.358883476679243,80.07772522549811,0.24199999999999983
6.386805290006255,80.07772522549811,0.3352499999999999
6.426010575842128,80.07772522549811,0.2782499999999993
7.389231173354006,80.07772522549811,0.16374999999999723
7.473324462415204,80.07772522549811,0.14899999999999722
8.139841642381727,80.07772522549811,0.1894999999999919
8.150933869593828,80.07772522549811,0.40274999999999206
10.60988393306846,80.07772522549811,0.5282499999999902
11.297902548542183,80.07772522549811,0.43624999999998904
11.326370777002797,80.07772522549811,0.421499999999989
11.679191028768976,80.07772522549811,0.6119999999999844
12.698473818988319,80.07772522549811,0.5099999999999821
12.687873365396458,80.07772522549811,0.5432499999999821
11.99280599469928,80.07772522549811,0.6187499999999814
12.698473818988319,80.07772522549811,0.3842499999999792
12.669868986744305,80.07772522549811,0.6072499999999789
13.404141643277356,80.07772522549811,0.5902499999999783
13.785676010314267,80.07772522549811,0.6234999999999783
21.83275900361317,80.07772522549811,0.5864999999999732
21.84234858920787,80.07772522549811,0.6169999999999729
21.83275900361317,80.07772522549811,0.8174999999999695
25.713809093797817,80.07772522549811,0.6107499999999693
30.605535935847588,80.07772522549811,1.0987499999999597
36.917887483746654,80.07772522549811,0.8319999999999594
36.917887483746654,80.07772522549811,0.9252499999999595
36.95709276958252,80.07772522549811,0.9757499999999593
36.92583782394055,80.07772522549811,0.8612499999999572
36.96504310977642,80.07772522549811,0.9492499999999562
42.218250883459945,80.07772522549811,0.9597499999999515
42.24267563993191,80.07772522549811,1.2152499999999509
53.12281181792538,80.07772522549811,1.1057499999999505
66.13199992248187,80.07772522549811,1.0612499999999452
81.50571755542673,80.07772522549811,0.9417499999999392
81.54180827500107,80.07772522549811,1.1069999999999394
94.9069038768286,80.07772522549811,0.7874999999999377
100.51290458152161,80.07772522549811,0.747999999999934
117.68460058517807,80.07772522549811,0.46524999999993377
124.38902121313515,80.07772522549811,0.38249999999993367
127.52368530629373,80.07772522549811,0.32749999999993196
131.05423740903,80.07772522549811,0.25274999999993186
134.5802047472859,80.07772522549811,0.12999999999993173
134.89382654340537,80.07772522549811,0.18299999999993177
134.89924971360637,80.07772522549811,0.1082499999999317
135.24940106895437,80.07772522549811,0.16374999999993095
136.30512974858487,80.07772522549811,0.22899999999993098
139.47735134444207,80.07772522549811,0.13424999999993087